filepath,class,width,height,aspect_ratio,filesize_kb,mean_r,mean_g,mean_b,brightness
data\raw\Aloe_Vera\Aloe_Vera_000.jpg,Aloe_Vera,224,224,1.0,10.1,205.1,218.0,189.5,204.2
data\raw\Aloe_Vera\Aloe_Vera_001.jpg,Aloe_Vera,224,224,1.0,8.0,193.6,212.6,192.9,199.7
data\raw\Aloe_Vera\Aloe_Vera_002.jpg,Aloe_Vera,224,224,1.0,9.1,202.9,215.3,189.9,202.7
data\raw\Aloe_Vera\Aloe_Vera_003.jpg,Aloe_Vera,224,224,1.0,9.2,202.3,220.1,192.8,205.1
data\raw\Aloe_Vera\Aloe_Vera_004.jpg,Aloe_Vera,224,224,1.0,7.3,200.9,210.7,187.3,199.6
data\raw\Aloe_Vera\Aloe_Vera_005.jpg,Aloe_Vera,224,224,1.0,9.0,202.4,219.1,197.9,206.5
data\raw\Aloe_Vera\Aloe_Vera_006.jpg,Aloe_Vera,224,224,1.0,8.5,207.4,228.1,193.2,209.6
data\raw\Aloe_Vera\Aloe_Vera_007.jpg,Aloe_Vera,224,224,1.0,8.9,195.5,219.2,190.5,201.7
data\raw\Aloe_Vera\Aloe_Vera_008.jpg,Aloe_Vera,224,224,1.0,9.8,203.7,221.8,194.6,206.7
data\raw\Aloe_Vera\Aloe_Vera_009.jpg,Aloe_Vera,224,224,1.0,9.8,200.6,213.7,193.7,202.7
data\raw\Aloe_Vera\Aloe_Vera_010.jpg,Aloe_Vera,224,224,1.0,9.5,206.7,223.2,199.9,209.9
data\raw\Aloe_Vera\Aloe_Vera_011.jpg,Aloe_Vera,224,224,1.0,9.5,203.3,224.4,192.7,206.8
data\raw\Aloe_Vera\Aloe_Vera_012.jpg,Aloe_Vera,224,224,1.0,9.5,199.9,210.1,188.3,199.4
data\raw\Aloe_Vera\Aloe_Vera_013.jpg,Aloe_Vera,224,224,1.0,9.8,195.7,215.7,188.8,200.1
data\raw\Aloe_Vera\Aloe_Vera_014.jpg,Aloe_Vera,224,224,1.0,9.7,209.1,219.5,202.1,210.2
data\raw\Aloe_Vera\Aloe_Vera_015.jpg,Aloe_Vera,224,224,1.0,9.2,197.3,223.9,195.3,205.5
data\raw\Aloe_Vera\Aloe_Vera_016.jpg,Aloe_Vera,224,224,1.0,9.6,207.8,221.2,197.1,208.7
data\raw\Aloe_Vera\Aloe_Vera_017.jpg,Aloe_Vera,224,224,1.0,7.5,201.8,223.7,191.7,205.7
data\raw\Aloe_Vera\Aloe_Vera_018.jpg,Aloe_Vera,224,224,1.0,9.0,204.6,214.9,191.8,203.8
data\raw\Aloe_Vera\Aloe_Vera_019.jpg,Aloe_Vera,224,224,1.0,7.8,202.7,213.9,190.6,202.4
data\raw\Aloe_Vera\Aloe_Vera_020.jpg,Aloe_Vera,224,224,1.0,9.4,205.6,220.0,195.6,207.1
data\raw\Aloe_Vera\Aloe_Vera_021.jpg,Aloe_Vera,224,224,1.0,7.3,201.4,217.2,199.1,205.9
data\raw\Aloe_Vera\Aloe_Vera_022.jpg,Aloe_Vera,224,224,1.0,7.1,199.2,217.4,193.5,203.4
data\raw\Aloe_Vera\Aloe_Vera_023.jpg,Aloe_Vera,224,224,1.0,8.3,195.9,216.9,187.9,200.2
data\raw\Aloe_Vera\Aloe_Vera_024.jpg,Aloe_Vera,224,224,1.0,8.4,198.3,211.1,182.7,197.3
data\raw\Aloe_Vera\Aloe_Vera_025.jpg,Aloe_Vera,224,224,1.0,10.1,200.3,218.0,190.7,203.0
data\raw\Aloe_Vera\Aloe_Vera_026.jpg,Aloe_Vera,224,224,1.0,6.8,199.0,213.9,182.0,198.3
data\raw\Aloe_Vera\Aloe_Vera_027.jpg,Aloe_Vera,224,224,1.0,9.4,191.8,209.3,183.7,195.0
data\raw\Aloe_Vera\Aloe_Vera_028.jpg,Aloe_Vera,224,224,1.0,9.3,195.8,217.3,184.3,199.1
data\raw\Aloe_Vera\Aloe_Vera_029.jpg,Aloe_Vera,224,224,1.0,10.1,204.8,222.8,190.4,206.0
data\raw\Aloe_Vera\Aloe_Vera_030.jpg,Aloe_Vera,224,224,1.0,9.8,193.8,216.0,191.1,200.3
data\raw\Aloe_Vera\Aloe_Vera_031.jpg,Aloe_Vera,224,224,1.0,9.5,196.9,222.0,194.5,204.5
data\raw\Aloe_Vera\Aloe_Vera_032.jpg,Aloe_Vera,224,224,1.0,8.4,196.4,217.8,192.8,202.3
data\raw\Aloe_Vera\Aloe_Vera_033.jpg,Aloe_Vera,224,224,1.0,9.9,207.3,219.6,197.6,208.2
data\raw\Aloe_Vera\Aloe_Vera_034.jpg,Aloe_Vera,224,224,1.0,7.6,199.8,211.4,183.9,198.3
data\raw\Aloe_Vera\Aloe_Vera_035.jpg,Aloe_Vera,224,224,1.0,8.7,207.6,221.7,198.0,209.1
data\raw\Aloe_Vera\Aloe_Vera_036.jpg,Aloe_Vera,224,224,1.0,8.9,208.6,219.1,200.1,209.3
data\raw\Aloe_Vera\Aloe_Vera_037.jpg,Aloe_Vera,224,224,1.0,9.8,203.2,219.4,187.1,203.2
data\raw\Aloe_Vera\Aloe_Vera_038.jpg,Aloe_Vera,224,224,1.0,10.0,207.2,228.6,199.0,211.6
data\raw\Aloe_Vera\Aloe_Vera_039.jpg,Aloe_Vera,224,224,1.0,7.1,211.6,222.6,194.9,209.7
data\raw\Aloe_Vera\Aloe_Vera_040.jpg,Aloe_Vera,224,224,1.0,9.2,203.7,220.4,195.3,206.5
data\raw\Aloe_Vera\Aloe_Vera_041.jpg,Aloe_Vera,224,224,1.0,8.7,200.9,220.8,192.3,204.6
data\raw\Aloe_Vera\Aloe_Vera_042.jpg,Aloe_Vera,224,224,1.0,9.5,203.3,229.6,202.3,211.7
data\raw\Aloe_Vera\Aloe_Vera_043.jpg,Aloe_Vera,224,224,1.0,8.5,214.2,224.3,198.4,212.3
data\raw\Aloe_Vera\Aloe_Vera_044.jpg,Aloe_Vera,224,224,1.0,6.9,205.8,217.0,198.7,207.2
data\raw\Aloe_Vera\Aloe_Vera_045.jpg,Aloe_Vera,224,224,1.0,8.5,206.7,225.4,195.0,209.0
data\raw\Aloe_Vera\Aloe_Vera_046.jpg,Aloe_Vera,224,224,1.0,9.6,205.7,222.3,194.9,207.6
data\raw\Aloe_Vera\Aloe_Vera_047.jpg,Aloe_Vera,224,224,1.0,10.3,196.7,222.6,188.9,202.8
data\raw\Aloe_Vera\Aloe_Vera_048.jpg,Aloe_Vera,224,224,1.0,9.8,198.0,215.9,183.6,199.2
data\raw\Aloe_Vera\Aloe_Vera_049.jpg,Aloe_Vera,224,224,1.0,7.9,208.1,218.5,190.9,205.9
data\raw\Aloe_Vera\Aloe_Vera_050.jpg,Aloe_Vera,224,224,1.0,8.4,202.8,226.0,198.6,209.1
data\raw\Aloe_Vera\Aloe_Vera_051.jpg,Aloe_Vera,224,224,1.0,7.0,198.2,219.7,192.9,203.6
data\raw\Aloe_Vera\Aloe_Vera_052.jpg,Aloe_Vera,224,224,1.0,8.7,200.8,211.8,190.7,201.1
data\raw\Aloe_Vera\Aloe_Vera_053.jpg,Aloe_Vera,224,224,1.0,10.1,202.5,227.1,193.0,207.6
data\raw\Aloe_Vera\Aloe_Vera_054.jpg,Aloe_Vera,224,224,1.0,9.8,197.4,213.6,195.4,202.1
data\raw\Aloe_Vera\Aloe_Vera_055.jpg,Aloe_Vera,224,224,1.0,9.9,208.0,227.4,194.4,210.0
data\raw\Aloe_Vera\Aloe_Vera_056.jpg,Aloe_Vera,224,224,1.0,8.4,209.3,217.8,192.4,206.5
data\raw\Aloe_Vera\Aloe_Vera_057.jpg,Aloe_Vera,224,224,1.0,10.1,200.8,216.2,189.2,202.0
data\raw\Aloe_Vera\Aloe_Vera_058.jpg,Aloe_Vera,224,224,1.0,7.5,194.3,217.8,185.7,199.3
data\raw\Aloe_Vera\Aloe_Vera_059.jpg,Aloe_Vera,224,224,1.0,8.2,196.3,213.9,190.6,200.2
data\raw\Betel\Betel_000.jpg,Betel,224,224,1.0,7.4,135.4,161.1,133.2,143.3
data\raw\Betel\Betel_001.jpg,Betel,224,224,1.0,6.1,125.6,154.5,125.8,135.3
data\raw\Betel\Betel_002.jpg,Betel,224,224,1.0,7.1,137.4,156.3,131.9,141.9
data\raw\Betel\Betel_003.jpg,Betel,224,224,1.0,6.4,138.0,161.0,129.1,142.7
data\raw\Betel\Betel_004.jpg,Betel,224,224,1.0,7.6,124.5,153.8,120.9,133.1
data\raw\Betel\Betel_005.jpg,Betel,224,224,1.0,7.6,135.2,162.1,116.3,137.9
data\raw\Betel\Betel_006.jpg,Betel,224,224,1.0,7.6,132.2,160.9,121.5,138.2
data\raw\Betel\Betel_007.jpg,Betel,224,224,1.0,7.2,135.1,165.6,120.5,140.4
data\raw\Betel\Betel_008.jpg,Betel,224,224,1.0,6.2,131.5,158.7,123.4,137.9
data\raw\Betel\Betel_009.jpg,Betel,224,224,1.0,7.3,134.0,160.1,133.2,142.4
data\raw\Betel\Betel_010.jpg,Betel,224,224,1.0,6.7,123.8,156.1,122.2,134.0
data\raw\Betel\Betel_011.jpg,Betel,224,224,1.0,7.6,126.3,169.0,127.5,140.9
data\raw\Betel\Betel_012.jpg,Betel,224,224,1.0,7.7,128.3,159.7,130.9,139.6
data\raw\Betel\Betel_013.jpg,Betel,224,224,1.0,6.3,127.5,160.3,129.8,139.2
data\raw\Betel\Betel_014.jpg,Betel,224,224,1.0,7.1,122.2,163.4,121.5,135.7
data\raw\Betel\Betel_015.jpg,Betel,224,224,1.0,7.6,133.7,164.4,123.8,140.6
data\raw\Betel\Betel_016.jpg,Betel,224,224,1.0,7.6,136.4,165.3,117.3,139.7
data\raw\Betel\Betel_017.jpg,Betel,224,224,1.0,7.5,126.5,170.3,133.1,143.3
data\raw\Betel\Betel_018.jpg,Betel,224,224,1.0,7.6,123.5,151.6,112.3,129.1
data\raw\Betel\Betel_019.jpg,Betel,224,224,1.0,7.7,127.5,163.2,118.5,136.4
data\raw\Betel\Betel_020.jpg,Betel,224,224,1.0,7.8,135.5,169.2,130.9,145.2
data\raw\Betel\Betel_021.jpg,Betel,224,224,1.0,7.5,117.0,164.7,113.8,131.8
data\raw\Betel\Betel_022.jpg,Betel,224,224,1.0,6.9,132.8,158.5,133.5,141.6
data\raw\Betel\Betel_023.jpg,Betel,224,224,1.0,7.4,122.8,164.7,127.2,138.3
data\raw\Betel\Betel_024.jpg,Betel,224,224,1.0,7.5,131.1,164.2,125.1,140.1
data\raw\Betel\Betel_025.jpg,Betel,224,224,1.0,7.3,132.7,157.5,122.3,137.5
data\raw\Betel\Betel_026.jpg,Betel,224,224,1.0,5.9,135.9,158.9,135.8,143.5
data\raw\Betel\Betel_027.jpg,Betel,224,224,1.0,5.8,122.2,161.7,126.9,136.9
data\raw\Betel\Betel_028.jpg,Betel,224,224,1.0,7.1,129.5,164.6,118.2,137.4
data\raw\Betel\Betel_029.jpg,Betel,224,224,1.0,5.9,118.4,162.8,126.4,135.9
data\raw\Betel\Betel_030.jpg,Betel,224,224,1.0,7.8,136.7,167.5,126.8,143.7
data\raw\Betel\Betel_031.jpg,Betel,224,224,1.0,7.8,123.3,165.2,120.1,136.2
data\raw\Betel\Betel_032.jpg,Betel,224,224,1.0,7.6,135.7,161.2,126.8,141.2
data\raw\Betel\Betel_033.jpg,Betel,224,224,1.0,7.7,125.5,166.7,120.9,137.7
data\raw\Betel\Betel_034.jpg,Betel,224,224,1.0,7.4,131.8,150.3,121.4,134.5
data\raw\Betel\Betel_035.jpg,Betel,224,224,1.0,7.4,132.9,152.8,133.0,139.5
data\raw\Betel\Betel_036.jpg,Betel,224,224,1.0,6.9,141.0,167.2,122.9,143.7
data\raw\Betel\Betel_037.jpg,Betel,224,224,1.0,7.5,125.4,157.3,127.2,136.6
data\raw\Betel\Betel_038.jpg,Betel,224,224,1.0,7.4,121.0,159.2,120.3,133.5
data\raw\Betel\Betel_039.jpg,Betel,224,224,1.0,6.1,125.1,161.3,131.0,139.1
data\raw\Betel\Betel_040.jpg,Betel,224,224,1.0,5.9,120.3,152.7,123.6,132.2
data\raw\Betel\Betel_041.jpg,Betel,224,224,1.0,7.0,123.9,157.0,117.9,133.0
data\raw\Betel\Betel_042.jpg,Betel,224,224,1.0,7.2,127.7,168.2,136.4,144.1
data\raw\Betel\Betel_043.jpg,Betel,224,224,1.0,7.4,134.1,153.9,129.3,139.1
data\raw\Betel\Betel_044.jpg,Betel,224,224,1.0,7.5,132.6,158.6,117.0,136.1
data\raw\Betel\Betel_045.jpg,Betel,224,224,1.0,7.8,126.7,165.8,115.0,135.8
data\raw\Betel\Betel_046.jpg,Betel,224,224,1.0,6.2,125.5,153.7,119.1,132.8
data\raw\Betel\Betel_047.jpg,Betel,224,224,1.0,6.5,125.0,152.7,116.5,131.4
data\raw\Betel\Betel_048.jpg,Betel,224,224,1.0,7.6,125.6,164.0,118.1,135.9
data\raw\Betel\Betel_049.jpg,Betel,224,224,1.0,7.8,142.6,173.6,137.7,151.3
data\raw\Betel\Betel_050.jpg,Betel,224,224,1.0,7.7,122.6,154.1,122.3,133.0
data\raw\Betel\Betel_051.jpg,Betel,224,224,1.0,7.4,129.7,160.3,123.2,137.7
data\raw\Betel\Betel_052.jpg,Betel,224,224,1.0,7.4,126.4,162.7,131.3,140.1
data\raw\Betel\Betel_053.jpg,Betel,224,224,1.0,7.6,131.7,161.2,129.0,140.6
data\raw\Betel\Betel_054.jpg,Betel,224,224,1.0,6.3,129.9,159.7,115.8,135.1
data\raw\Betel\Betel_055.jpg,Betel,224,224,1.0,7.8,131.8,164.5,131.4,142.6
data\raw\Betel\Betel_056.jpg,Betel,224,224,1.0,7.3,127.6,164.2,117.2,136.4
data\raw\Betel\Betel_057.jpg,Betel,224,224,1.0,7.5,126.5,152.7,121.2,133.4
data\raw\Betel\Betel_058.jpg,Betel,224,224,1.0,7.6,124.5,152.9,123.2,133.6
data\raw\Betel\Betel_059.jpg,Betel,224,224,1.0,7.1,125.7,156.3,130.6,137.5
data\raw\Curry_Leaf\Curry_Leaf_000.jpg,Curry_Leaf,224,224,1.0,7.2,169.5,190.1,153.7,171.1
data\raw\Curry_Leaf\Curry_Leaf_001.jpg,Curry_Leaf,224,224,1.0,7.2,159.4,193.5,151.5,168.1
data\raw\Curry_Leaf\Curry_Leaf_002.jpg,Curry_Leaf,224,224,1.0,8.6,157.4,192.8,159.5,169.9
data\raw\Curry_Leaf\Curry_Leaf_003.jpg,Curry_Leaf,224,224,1.0,8.5,151.4,180.3,149.2,160.3
data\raw\Curry_Leaf\Curry_Leaf_004.jpg,Curry_Leaf,224,224,1.0,8.7,154.6,194.7,147.1,165.4
data\raw\Curry_Leaf\Curry_Leaf_005.jpg,Curry_Leaf,224,224,1.0,8.4,154.4,183.8,154.2,164.1
data\raw\Curry_Leaf\Curry_Leaf_006.jpg,Curry_Leaf,224,224,1.0,8.6,159.6,191.8,152.9,168.1
data\raw\Curry_Leaf\Curry_Leaf_007.jpg,Curry_Leaf,224,224,1.0,7.2,160.8,186.2,146.8,164.6
data\raw\Curry_Leaf\Curry_Leaf_008.jpg,Curry_Leaf,224,224,1.0,8.7,159.6,185.7,143.1,162.8
data\raw\Curry_Leaf\Curry_Leaf_009.jpg,Curry_Leaf,224,224,1.0,7.2,164.4,191.8,157.0,171.1
data\raw\Curry_Leaf\Curry_Leaf_010.jpg,Curry_Leaf,224,224,1.0,8.4,161.8,198.0,162.7,174.2
data\raw\Curry_Leaf\Curry_Leaf_011.jpg,Curry_Leaf,224,224,1.0,8.7,170.1,190.9,160.2,173.7
data\raw\Curry_Leaf\Curry_Leaf_012.jpg,Curry_Leaf,224,224,1.0,7.4,156.0,193.4,153.2,167.5
data\raw\Curry_Leaf\Curry_Leaf_013.jpg,Curry_Leaf,224,224,1.0,6.4,162.6,200.7,154.8,172.7
data\raw\Curry_Leaf\Curry_Leaf_014.jpg,Curry_Leaf,224,224,1.0,9.4,152.7,200.0,153.1,168.6
data\raw\Curry_Leaf\Curry_Leaf_015.jpg,Curry_Leaf,224,224,1.0,8.8,158.8,199.3,155.0,171.0
data\raw\Curry_Leaf\Curry_Leaf_016.jpg,Curry_Leaf,224,224,1.0,7.9,155.8,188.4,153.7,166.0
data\raw\Curry_Leaf\Curry_Leaf_017.jpg,Curry_Leaf,224,224,1.0,7.9,146.2,182.0,148.5,158.9
data\raw\Curry_Leaf\Curry_Leaf_018.jpg,Curry_Leaf,224,224,1.0,8.5,162.4,195.4,161.2,173.0
data\raw\Curry_Leaf\Curry_Leaf_019.jpg,Curry_Leaf,224,224,1.0,8.9,155.3,190.4,147.8,164.5
data\raw\Curry_Leaf\Curry_Leaf_020.jpg,Curry_Leaf,224,224,1.0,9.1,167.1,198.1,155.5,173.5
data\raw\Curry_Leaf\Curry_Leaf_021.jpg,Curry_Leaf,224,224,1.0,8.0,150.1,188.8,143.6,160.8
data\raw\Curry_Leaf\Curry_Leaf_022.jpg,Curry_Leaf,224,224,1.0,8.5,156.6,190.7,149.4,165.5
data\raw\Curry_Leaf\Curry_Leaf_023.jpg,Curry_Leaf,224,224,1.0,8.9,146.4,184.2,153.2,161.3
data\raw\Curry_Leaf\Curry_Leaf_024.jpg,Curry_Leaf,224,224,1.0,8.9,154.5,193.8,151.6,166.6
data\raw\Curry_Leaf\Curry_Leaf_025.jpg,Curry_Leaf,224,224,1.0,8.1,157.3,178.9,142.9,159.7
data\raw\Curry_Leaf\Curry_Leaf_026.jpg,Curry_Leaf,224,224,1.0,6.9,157.4,186.1,150.1,164.5
data\raw\Curry_Leaf\Curry_Leaf_027.jpg,Curry_Leaf,224,224,1.0,8.4,153.3,186.2,157.9,165.8
data\raw\Curry_Leaf\Curry_Leaf_028.jpg,Curry_Leaf,224,224,1.0,8.8,149.7,186.0,153.8,163.2
data\raw\Curry_Leaf\Curry_Leaf_029.jpg,Curry_Leaf,224,224,1.0,9.1,165.5,202.8,153.1,173.8
data\raw\Curry_Leaf\Curry_Leaf_030.jpg,Curry_Leaf,224,224,1.0,7.3,151.3,185.1,147.3,161.2
data\raw\Curry_Leaf\Curry_Leaf_031.jpg,Curry_Leaf,224,224,1.0,8.2,162.0,194.3,149.2,168.5
data\raw\Curry_Leaf\Curry_Leaf_032.jpg,Curry_Leaf,224,224,1.0,7.3,161.7,193.4,159.6,171.6
data\raw\Curry_Leaf\Curry_Leaf_033.jpg,Curry_Leaf,224,224,1.0,7.5,159.2,182.3,152.2,164.6
data\raw\Curry_Leaf\Curry_Leaf_034.jpg,Curry_Leaf,224,224,1.0,8.0,161.6,190.5,149.0,167.0
data\raw\Curry_Leaf\Curry_Leaf_035.jpg,Curry_Leaf,224,224,1.0,9.3,170.2,189.1,150.2,169.8
data\raw\Curry_Leaf\Curry_Leaf_036.jpg,Curry_Leaf,224,224,1.0,6.8,162.5,193.9,149.0,168.5
data\raw\Curry_Leaf\Curry_Leaf_037.jpg,Curry_Leaf,224,224,1.0,8.9,160.9,195.7,151.0,169.2
data\raw\Curry_Leaf\Curry_Leaf_038.jpg,Curry_Leaf,224,224,1.0,6.6,166.4,203.7,153.9,174.7
data\raw\Curry_Leaf\Curry_Leaf_039.jpg,Curry_Leaf,224,224,1.0,7.6,156.8,195.0,141.0,164.3
data\raw\Curry_Leaf\Curry_Leaf_040.jpg,Curry_Leaf,224,224,1.0,9.1,162.0,191.5,153.6,169.0
data\raw\Curry_Leaf\Curry_Leaf_041.jpg,Curry_Leaf,224,224,1.0,8.9,163.8,188.5,159.7,170.7
data\raw\Curry_Leaf\Curry_Leaf_042.jpg,Curry_Leaf,224,224,1.0,9.0,156.0,193.4,151.9,167.1
data\raw\Curry_Leaf\Curry_Leaf_043.jpg,Curry_Leaf,224,224,1.0,8.7,158.7,191.0,160.1,169.9
data\raw\Curry_Leaf\Curry_Leaf_044.jpg,Curry_Leaf,224,224,1.0,8.4,158.7,184.7,142.3,161.9
data\raw\Curry_Leaf\Curry_Leaf_045.jpg,Curry_Leaf,224,224,1.0,7.8,155.7,191.7,141.0,162.8
data\raw\Curry_Leaf\Curry_Leaf_046.jpg,Curry_Leaf,224,224,1.0,9.2,163.5,190.0,148.9,167.5
data\raw\Curry_Leaf\Curry_Leaf_047.jpg,Curry_Leaf,224,224,1.0,6.5,162.1,189.5,143.2,164.9
data\raw\Curry_Leaf\Curry_Leaf_048.jpg,Curry_Leaf,224,224,1.0,8.9,153.9,195.2,149.4,166.2
data\raw\Curry_Leaf\Curry_Leaf_049.jpg,Curry_Leaf,224,224,1.0,7.3,162.0,195.2,155.0,170.8
data\raw\Curry_Leaf\Curry_Leaf_050.jpg,Curry_Leaf,224,224,1.0,8.9,163.3,190.5,152.5,168.8
data\raw\Curry_Leaf\Curry_Leaf_051.jpg,Curry_Leaf,224,224,1.0,9.0,160.2,188.7,144.4,164.4
data\raw\Curry_Leaf\Curry_Leaf_052.jpg,Curry_Leaf,224,224,1.0,6.8,154.4,194.8,155.5,168.2
data\raw\Curry_Leaf\Curry_Leaf_053.jpg,Curry_Leaf,224,224,1.0,8.6,154.1,183.5,143.4,160.3
data\raw\Curry_Leaf\Curry_Leaf_054.jpg,Curry_Leaf,224,224,1.0,7.3,165.2,186.5,151.5,167.7
data\raw\Curry_Leaf\Curry_Leaf_055.jpg,Curry_Leaf,224,224,1.0,7.1,156.4,192.4,152.8,167.2
data\raw\Curry_Leaf\Curry_Leaf_056.jpg,Curry_Leaf,224,224,1.0,8.8,162.2,197.7,161.1,173.7
data\raw\Curry_Leaf\Curry_Leaf_057.jpg,Curry_Leaf,224,224,1.0,9.3,156.7,184.9,143.0,161.6
data\raw\Curry_Leaf\Curry_Leaf_058.jpg,Curry_Leaf,224,224,1.0,9.0,156.2,185.5,151.7,164.5
data\raw\Curry_Leaf\Curry_Leaf_059.jpg,Curry_Leaf,224,224,1.0,8.9,152.3,186.0,149.1,162.5
data\raw\Guava\Guava_000.jpg,Guava,224,224,1.0,5.9,186.6,197.0,160.4,181.3
data\raw\Guava\Guava_001.jpg,Guava,224,224,1.0,6.1,181.0,200.7,159.2,180.3
data\raw\Guava\Guava_002.jpg,Guava,224,224,1.0,6.1,179.9,191.7,149.2,173.6
data\raw\Guava\Guava_003.jpg,Guava,224,224,1.0,6.5,178.4,189.3,158.3,175.3
data\raw\Guava\Guava_004.jpg,Guava,224,224,1.0,7.6,174.9,193.0,153.3,173.7
data\raw\Guava\Guava_005.jpg,Guava,224,224,1.0,6.5,176.7,191.5,156.7,175.0
data\raw\Guava\Guava_006.jpg,Guava,224,224,1.0,8.4,177.1,200.2,163.1,180.1
data\raw\Guava\Guava_007.jpg,Guava,224,224,1.0,8.4,187.6,203.0,169.7,186.8
data\raw\Guava\Guava_008.jpg,Guava,224,224,1.0,7.9,192.2,205.2,171.9,189.8
data\raw\Guava\Guava_009.jpg,Guava,224,224,1.0,8.2,177.0,189.4,151.7,172.7
data\raw\Guava\Guava_010.jpg,Guava,224,224,1.0,7.8,179.3,203.1,160.3,180.9
data\raw\Guava\Guava_011.jpg,Guava,224,224,1.0,8.0,179.8,189.5,155.8,175.0
data\raw\Guava\Guava_012.jpg,Guava,224,224,1.0,6.1,179.0,203.4,157.1,179.8
data\raw\Guava\Guava_013.jpg,Guava,224,224,1.0,7.1,182.1,207.7,168.7,186.2
data\raw\Guava\Guava_014.jpg,Guava,224,224,1.0,7.4,185.5,196.0,161.8,181.1
data\raw\Guava\Guava_015.jpg,Guava,224,224,1.0,7.3,173.9,196.0,148.8,172.9
data\raw\Guava\Guava_016.jpg,Guava,224,224,1.0,8.1,181.9,199.3,160.2,180.5
data\raw\Guava\Guava_017.jpg,Guava,224,224,1.0,7.4,181.7,192.8,159.0,177.8
data\raw\Guava\Guava_018.jpg,Guava,224,224,1.0,7.2,172.2,193.4,151.6,172.4
data\raw\Guava\Guava_019.jpg,Guava,224,224,1.0,7.7,178.9,190.5,155.6,175.0
data\raw\Guava\Guava_020.jpg,Guava,224,224,1.0,8.4,183.7,201.1,157.8,180.9
data\raw\Guava\Guava_021.jpg,Guava,224,224,1.0,7.1,179.5,202.5,158.9,180.3
data\raw\Guava\Guava_022.jpg,Guava,224,224,1.0,7.6,180.7,195.6,166.8,181.0
data\raw\Guava\Guava_023.jpg,Guava,224,224,1.0,6.1,187.5,194.6,165.8,182.6
data\raw\Guava\Guava_024.jpg,Guava,224,224,1.0,8.3,176.9,199.8,161.9,179.6
data\raw\Guava\Guava_025.jpg,Guava,224,224,1.0,8.3,180.0,198.0,160.1,179.4
data\raw\Guava\Guava_026.jpg,Guava,224,224,1.0,8.3,178.5,200.7,156.0,178.4
data\raw\Guava\Guava_027.jpg,Guava,224,224,1.0,7.8,178.3,196.5,163.4,179.4
data\raw\Guava\Guava_028.jpg,Guava,224,224,1.0,8.3,175.3,193.6,152.8,173.9
data\raw\Guava\Guava_029.jpg,Guava,224,224,1.0,8.0,180.7,203.1,168.4,184.1
data\raw\Guava\Guava_030.jpg,Guava,224,224,1.0,7.6,182.2,198.6,165.9,182.2
data\raw\Guava\Guava_031.jpg,Guava,224,224,1.0,8.2,182.8,194.0,166.6,181.1
data\raw\Guava\Guava_032.jpg,Guava,224,224,1.0,8.2,181.8,197.9,160.4,180.0
data\raw\Guava\Guava_033.jpg,Guava,224,224,1.0,7.7,178.1,196.8,152.3,175.7
data\raw\Guava\Guava_034.jpg,Guava,224,224,1.0,8.4,177.7,191.4,154.6,174.6
data\raw\Guava\Guava_035.jpg,Guava,224,224,1.0,7.9,192.7,203.5,166.8,187.7
data\raw\Guava\Guava_036.jpg,Guava,224,224,1.0,6.5,179.2,198.4,157.4,178.3
data\raw\Guava\Guava_037.jpg,Guava,224,224,1.0,7.8,187.7,199.8,160.7,182.7
data\raw\Guava\Guava_038.jpg,Guava,224,224,1.0,8.1,189.2,200.4,168.6,186.1
data\raw\Guava\Guava_039.jpg,Guava,224,224,1.0,7.7,169.8,196.1,156.2,174.0
data\raw\Guava\Guava_040.jpg,Guava,224,224,1.0,8.2,184.1,203.3,157.3,181.5
data\raw\Guava\Guava_041.jpg,Guava,224,224,1.0,6.4,176.6,197.3,156.4,176.8
data\raw\Guava\Guava_042.jpg,Guava,224,224,1.0,7.2,182.7,194.6,159.6,179.0
data\raw\Guava\Guava_043.jpg,Guava,224,224,1.0,8.1,188.6,198.6,166.5,184.6
data\raw\Guava\Guava_044.jpg,Guava,224,224,1.0,7.2,182.7,198.6,156.4,179.2
data\raw\Guava\Guava_045.jpg,Guava,224,224,1.0,7.5,180.9,187.5,155.7,174.7
data\raw\Guava\Guava_046.jpg,Guava,224,224,1.0,8.4,177.6,198.5,158.4,178.2
data\raw\Guava\Guava_047.jpg,Guava,224,224,1.0,8.2,186.3,201.6,163.4,183.8
data\raw\Guava\Guava_048.jpg,Guava,224,224,1.0,7.6,187.9,196.1,166.9,183.7
data\raw\Guava\Guava_049.jpg,Guava,224,224,1.0,8.1,173.1,190.6,150.6,171.4
data\raw\Guava\Guava_050.jpg,Guava,224,224,1.0,7.1,175.8,196.2,153.9,175.3
data\raw\Guava\Guava_051.jpg,Guava,224,224,1.0,7.8,193.2,200.8,160.2,184.7
data\raw\Guava\Guava_052.jpg,Guava,224,224,1.0,6.5,187.0,191.9,158.8,179.2
data\raw\Guava\Guava_053.jpg,Guava,224,224,1.0,6.6,183.0,196.2,165.4,181.5
data\raw\Guava\Guava_054.jpg,Guava,224,224,1.0,6.2,181.9,194.3,155.8,177.3
data\raw\Guava\Guava_055.jpg,Guava,224,224,1.0,8.1,187.3,200.2,169.2,185.6
data\raw\Guava\Guava_056.jpg,Guava,224,224,1.0,8.0,192.2,207.3,164.4,188.0
data\raw\Guava\Guava_057.jpg,Guava,224,224,1.0,6.0,179.2,190.2,159.1,176.2
data\raw\Guava\Guava_058.jpg,Guava,224,224,1.0,8.1,185.2,202.2,169.2,185.5
data\raw\Guava\Guava_059.jpg,Guava,224,224,1.0,8.4,188.5,198.8,162.7,183.3
data\raw\Hibiscus\Hibiscus_000.jpg,Hibiscus,224,224,1.0,6.5,173.3,198.1,164.7,178.7
data\raw\Hibiscus\Hibiscus_001.jpg,Hibiscus,224,224,1.0,6.7,174.1,200.4,166.5,180.3
data\raw\Hibiscus\Hibiscus_002.jpg,Hibiscus,224,224,1.0,6.7,186.2,216.3,168.7,190.4
data\raw\Hibiscus\Hibiscus_003.jpg,Hibiscus,224,224,1.0,6.9,176.0,205.8,173.0,184.9
data\raw\Hibiscus\Hibiscus_004.jpg,Hibiscus,224,224,1.0,6.6,182.8,210.8,166.2,186.6
data\raw\Hibiscus\Hibiscus_005.jpg,Hibiscus,224,224,1.0,7.0,177.1,208.9,168.2,184.7
data\raw\Hibiscus\Hibiscus_006.jpg,Hibiscus,224,224,1.0,5.6,174.7,203.7,166.8,181.7
data\raw\Hibiscus\Hibiscus_007.jpg,Hibiscus,224,224,1.0,5.7,166.6,202.7,165.5,178.3
data\raw\Hibiscus\Hibiscus_008.jpg,Hibiscus,224,224,1.0,5.1,179.6,205.4,176.7,187.2
data\raw\Hibiscus\Hibiscus_009.jpg,Hibiscus,224,224,1.0,7.1,180.8,208.3,165.5,184.9
data\raw\Hibiscus\Hibiscus_010.jpg,Hibiscus,224,224,1.0,5.4,183.8,211.3,169.5,188.2
data\raw\Hibiscus\Hibiscus_011.jpg,Hibiscus,224,224,1.0,6.7,172.8,210.6,161.0,181.5
data\raw\Hibiscus\Hibiscus_012.jpg,Hibiscus,224,224,1.0,7.1,176.2,215.9,170.0,187.4
data\raw\Hibiscus\Hibiscus_013.jpg,Hibiscus,224,224,1.0,6.7,170.0,209.9,168.1,182.7
data\raw\Hibiscus\Hibiscus_014.jpg,Hibiscus,224,224,1.0,6.3,172.0,205.1,165.9,181.0
data\raw\Hibiscus\Hibiscus_015.jpg,Hibiscus,224,224,1.0,5.7,178.1,215.0,165.5,186.2
data\raw\Hibiscus\Hibiscus_016.jpg,Hibiscus,224,224,1.0,6.7,177.0,215.9,170.1,187.7
data\raw\Hibiscus\Hibiscus_017.jpg,Hibiscus,224,224,1.0,6.5,186.7,207.2,175.2,189.7
data\raw\Hibiscus\Hibiscus_018.jpg,Hibiscus,224,224,1.0,6.9,172.5,206.9,176.6,185.3
data\raw\Hibiscus\Hibiscus_019.jpg,Hibiscus,224,224,1.0,6.8,178.0,206.0,168.0,184.0
data\raw\Hibiscus\Hibiscus_020.jpg,Hibiscus,224,224,1.0,6.3,181.9,214.5,175.4,190.6
data\raw\Hibiscus\Hibiscus_021.jpg,Hibiscus,224,224,1.0,6.9,181.2,206.2,166.9,184.8
data\raw\Hibiscus\Hibiscus_022.jpg,Hibiscus,224,224,1.0,6.8,172.0,199.1,168.5,179.9
data\raw\Hibiscus\Hibiscus_023.jpg,Hibiscus,224,224,1.0,6.5,168.7,198.3,169.6,178.9
data\raw\Hibiscus\Hibiscus_024.jpg,Hibiscus,224,224,1.0,6.8,170.2,209.7,170.7,183.5
data\raw\Hibiscus\Hibiscus_025.jpg,Hibiscus,224,224,1.0,6.8,174.3,195.0,156.2,175.2
data\raw\Hibiscus\Hibiscus_026.jpg,Hibiscus,224,224,1.0,6.9,175.3,204.9,170.6,183.6
data\raw\Hibiscus\Hibiscus_027.jpg,Hibiscus,224,224,1.0,6.8,168.8,202.7,169.2,180.2
data\raw\Hibiscus\Hibiscus_028.jpg,Hibiscus,224,224,1.0,6.9,183.5,211.8,171.0,188.8
data\raw\Hibiscus\Hibiscus_029.jpg,Hibiscus,224,224,1.0,5.0,181.6,213.3,173.3,189.4
data\raw\Hibiscus\Hibiscus_030.jpg,Hibiscus,224,224,1.0,6.4,177.5,205.7,172.7,185.3
data\raw\Hibiscus\Hibiscus_031.jpg,Hibiscus,224,224,1.0,7.0,180.0,206.9,166.7,184.5
data\raw\Hibiscus\Hibiscus_032.jpg,Hibiscus,224,224,1.0,5.9,183.1,201.5,163.0,182.5
data\raw\Hibiscus\Hibiscus_033.jpg,Hibiscus,224,224,1.0,6.6,180.5,206.2,167.0,184.6
data\raw\Hibiscus\Hibiscus_034.jpg,Hibiscus,224,224,1.0,6.6,165.8,197.7,155.1,172.9
data\raw\Hibiscus\Hibiscus_035.jpg,Hibiscus,224,224,1.0,6.7,177.4,206.5,174.0,186.0
data\raw\Hibiscus\Hibiscus_036.jpg,Hibiscus,224,224,1.0,5.6,176.7,213.3,170.0,186.6
data\raw\Hibiscus\Hibiscus_037.jpg,Hibiscus,224,224,1.0,6.8,173.4,207.6,169.7,183.6
data\raw\Hibiscus\Hibiscus_038.jpg,Hibiscus,224,224,1.0,5.8,168.5,208.8,163.4,180.3
data\raw\Hibiscus\Hibiscus_039.jpg,Hibiscus,224,224,1.0,7.1,183.7,208.2,168.1,186.7
data\raw\Hibiscus\Hibiscus_040.jpg,Hibiscus,224,224,1.0,5.2,165.9,196.2,166.8,176.3
data\raw\Hibiscus\Hibiscus_041.jpg,Hibiscus,224,224,1.0,6.3,181.0,203.2,163.2,182.5
data\raw\Hibiscus\Hibiscus_042.jpg,Hibiscus,224,224,1.0,7.1,175.2,206.6,167.6,183.1
data\raw\Hibiscus\Hibiscus_043.jpg,Hibiscus,224,224,1.0,6.9,165.1,193.5,167.6,175.4
data\raw\Hibiscus\Hibiscus_044.jpg,Hibiscus,224,224,1.0,6.3,175.6,209.9,170.1,185.2
data\raw\Hibiscus\Hibiscus_045.jpg,Hibiscus,224,224,1.0,5.9,180.5,204.0,165.5,183.3
data\raw\Hibiscus\Hibiscus_046.jpg,Hibiscus,224,224,1.0,5.2,182.5,214.5,168.2,188.4
data\raw\Hibiscus\Hibiscus_047.jpg,Hibiscus,224,224,1.0,5.4,182.0,208.3,169.1,186.5
data\raw\Hibiscus\Hibiscus_048.jpg,Hibiscus,224,224,1.0,6.8,181.8,205.0,167.5,184.8
data\raw\Hibiscus\Hibiscus_049.jpg,Hibiscus,224,224,1.0,5.3,170.3,203.2,165.6,179.7
data\raw\Hibiscus\Hibiscus_050.jpg,Hibiscus,224,224,1.0,6.8,169.9,203.7,154.9,176.2
data\raw\Hibiscus\Hibiscus_051.jpg,Hibiscus,224,224,1.0,5.8,183.8,215.9,172.4,190.7
data\raw\Hibiscus\Hibiscus_052.jpg,Hibiscus,224,224,1.0,6.8,182.8,211.3,171.3,188.4
data\raw\Hibiscus\Hibiscus_053.jpg,Hibiscus,224,224,1.0,6.8,176.0,206.7,167.3,183.3
data\raw\Hibiscus\Hibiscus_054.jpg,Hibiscus,224,224,1.0,6.9,179.6,209.8,174.1,187.8
data\raw\Hibiscus\Hibiscus_055.jpg,Hibiscus,224,224,1.0,7.0,171.1,201.6,160.7,177.8
data\raw\Hibiscus\Hibiscus_056.jpg,Hibiscus,224,224,1.0,6.3,183.9,206.3,173.1,187.7
data\raw\Hibiscus\Hibiscus_057.jpg,Hibiscus,224,224,1.0,7.1,175.2,215.1,169.3,186.6
data\raw\Hibiscus\Hibiscus_058.jpg,Hibiscus,224,224,1.0,7.0,178.1,199.2,163.8,180.4
data\raw\Hibiscus\Hibiscus_059.jpg,Hibiscus,224,224,1.0,6.7,173.8,204.2,170.4,182.8
data\raw\Mint\Mint_000.jpg,Mint,224,224,1.0,5.1,182.4,222.8,181.4,195.5
data\raw\Mint\Mint_001.jpg,Mint,224,224,1.0,5.6,184.2,219.6,180.0,194.6
data\raw\Mint\Mint_002.jpg,Mint,224,224,1.0,5.4,182.1,217.2,175.8,191.7
data\raw\Mint\Mint_003.jpg,Mint,224,224,1.0,4.2,183.1,201.8,165.9,183.6
data\raw\Mint\Mint_004.jpg,Mint,224,224,1.0,5.4,180.7,203.4,164.2,182.8
data\raw\Mint\Mint_005.jpg,Mint,224,224,1.0,5.4,181.7,211.5,164.8,186.0
data\raw\Mint\Mint_006.jpg,Mint,224,224,1.0,5.3,176.7,211.0,164.0,183.9
data\raw\Mint\Mint_007.jpg,Mint,224,224,1.0,4.6,183.3,212.7,162.8,186.3
data\raw\Mint\Mint_008.jpg,Mint,224,224,1.0,5.6,175.4,217.5,176.9,189.9
data\raw\Mint\Mint_009.jpg,Mint,224,224,1.0,4.3,179.4,214.7,166.4,186.8
data\raw\Mint\Mint_010.jpg,Mint,224,224,1.0,4.7,183.9,211.3,179.1,191.4
data\raw\Mint\Mint_011.jpg,Mint,224,224,1.0,5.3,188.9,224.0,175.9,196.3
data\raw\Mint\Mint_012.jpg,Mint,224,224,1.0,5.5,173.3,205.2,168.9,182.5
data\raw\Mint\Mint_013.jpg,Mint,224,224,1.0,5.5,188.6,214.6,180.3,194.5
data\raw\Mint\Mint_014.jpg,Mint,224,224,1.0,5.5,184.2,222.3,175.7,194.0
data\raw\Mint\Mint_015.jpg,Mint,224,224,1.0,5.4,175.4,204.0,171.8,183.7
data\raw\Mint\Mint_016.jpg,Mint,224,224,1.0,4.1,190.3,218.5,176.0,194.9
data\raw\Mint\Mint_017.jpg,Mint,224,224,1.0,5.4,183.7,207.4,170.6,187.2
data\raw\Mint\Mint_018.jpg,Mint,224,224,1.0,5.0,181.0,212.3,177.7,190.3
data\raw\Mint\Mint_019.jpg,Mint,224,224,1.0,5.1,168.8,200.3,165.9,178.3
data\raw\Mint\Mint_020.jpg,Mint,224,224,1.0,4.7,177.1,204.2,164.8,182.0
data\raw\Mint\Mint_021.jpg,Mint,224,224,1.0,5.5,190.4,208.6,173.9,191.0
data\raw\Mint\Mint_022.jpg,Mint,224,224,1.0,5.4,172.9,214.8,169.9,185.9
data\raw\Mint\Mint_023.jpg,Mint,224,224,1.0,5.3,184.5,207.6,175.0,189.0
data\raw\Mint\Mint_024.jpg,Mint,224,224,1.0,4.3,173.3,205.8,166.2,181.8
data\raw\Mint\Mint_025.jpg,Mint,224,224,1.0,5.3,180.9,224.0,171.7,192.2
data\raw\Mint\Mint_026.jpg,Mint,224,224,1.0,4.9,191.7,221.3,177.9,197.0
data\raw\Mint\Mint_027.jpg,Mint,224,224,1.0,4.9,184.8,207.1,171.8,187.9
data\raw\Mint\Mint_028.jpg,Mint,224,224,1.0,5.3,185.2,209.6,182.9,192.6
data\raw\Mint\Mint_029.jpg,Mint,224,224,1.0,4.6,169.9,211.6,173.7,185.1
data\raw\Mint\Mint_030.jpg,Mint,224,224,1.0,5.2,195.1,213.3,184.8,197.7
data\raw\Mint\Mint_031.jpg,Mint,224,224,1.0,4.4,184.7,218.4,171.3,191.5
data\raw\Mint\Mint_032.jpg,Mint,224,224,1.0,4.3,185.4,216.6,167.2,189.7
data\raw\Mint\Mint_033.jpg,Mint,224,224,1.0,5.2,177.2,208.8,163.4,183.2
data\raw\Mint\Mint_034.jpg,Mint,224,224,1.0,4.8,187.6,216.7,169.8,191.4
data\raw\Mint\Mint_035.jpg,Mint,224,224,1.0,5.4,186.8,210.1,170.3,189.1
data\raw\Mint\Mint_036.jpg,Mint,224,224,1.0,5.4,190.2,221.3,178.3,196.6
data\raw\Mint\Mint_037.jpg,Mint,224,224,1.0,5.4,187.7,214.6,173.8,192.0
data\raw\Mint\Mint_038.jpg,Mint,224,224,1.0,5.5,183.9,217.4,176.8,192.7
data\raw\Mint\Mint_039.jpg,Mint,224,224,1.0,5.5,186.4,217.2,170.2,191.2
data\raw\Mint\Mint_040.jpg,Mint,224,224,1.0,5.4,182.3,210.1,173.9,188.8
data\raw\Mint\Mint_041.jpg,Mint,224,224,1.0,5.4,179.2,221.1,177.4,192.6
data\raw\Mint\Mint_042.jpg,Mint,224,224,1.0,5.4,175.8,212.4,172.2,186.8
data\raw\Mint\Mint_043.jpg,Mint,224,224,1.0,5.0,187.2,209.6,170.3,189.0
data\raw\Mint\Mint_044.jpg,Mint,224,224,1.0,5.4,180.3,220.5,170.4,190.4
data\raw\Mint\Mint_045.jpg,Mint,224,224,1.0,4.2,174.5,215.4,170.8,186.9
data\raw\Mint\Mint_046.jpg,Mint,224,224,1.0,5.4,172.3,204.6,172.1,183.0
data\raw\Mint\Mint_047.jpg,Mint,224,224,1.0,5.4,182.0,208.9,182.1,191.0
data\raw\Mint\Mint_048.jpg,Mint,224,224,1.0,4.5,188.9,206.3,177.8,191.0
data\raw\Mint\Mint_049.jpg,Mint,224,224,1.0,5.0,183.9,211.8,175.9,190.5
data\raw\Mint\Mint_050.jpg,Mint,224,224,1.0,5.6,176.5,208.6,170.9,185.3
data\raw\Mint\Mint_051.jpg,Mint,224,224,1.0,5.3,178.6,215.0,181.1,191.6
data\raw\Mint\Mint_052.jpg,Mint,224,224,1.0,5.4,182.3,223.1,175.5,193.6
data\raw\Mint\Mint_053.jpg,Mint,224,224,1.0,5.2,172.2,207.3,171.6,183.7
data\raw\Mint\Mint_054.jpg,Mint,224,224,1.0,4.9,187.0,221.9,181.4,196.8
data\raw\Mint\Mint_055.jpg,Mint,224,224,1.0,5.2,184.5,215.1,178.2,192.6
data\raw\Mint\Mint_056.jpg,Mint,224,224,1.0,4.8,188.4,218.9,180.8,196.1
data\raw\Mint\Mint_057.jpg,Mint,224,224,1.0,5.4,180.2,201.5,171.9,184.5
data\raw\Mint\Mint_058.jpg,Mint,224,224,1.0,5.1,188.3,221.4,173.7,194.5
data\raw\Mint\Mint_059.jpg,Mint,224,224,1.0,4.7,191.5,217.0,172.7,193.7
data\raw\Neem\Neem_000.jpg,Neem,224,224,1.0,6.9,172.9,205.3,158.0,178.8
data\raw\Neem\Neem_001.jpg,Neem,224,224,1.0,8.1,174.8,211.1,173.2,186.4
data\raw\Neem\Neem_002.jpg,Neem,224,224,1.0,8.0,175.6,197.8,159.7,177.7
data\raw\Neem\Neem_003.jpg,Neem,224,224,1.0,7.5,172.9,201.6,168.3,180.9
data\raw\Neem\Neem_004.jpg,Neem,224,224,1.0,8.4,185.2,206.4,171.3,187.6
data\raw\Neem\Neem_005.jpg,Neem,224,224,1.0,8.4,180.4,212.5,177.2,190.0
data\raw\Neem\Neem_006.jpg,Neem,224,224,1.0,7.8,187.9,212.9,179.0,193.3
data\raw\Neem\Neem_007.jpg,Neem,224,224,1.0,7.5,180.3,219.8,171.7,190.6
data\raw\Neem\Neem_008.jpg,Neem,224,224,1.0,8.4,172.6,213.6,168.6,184.9
data\raw\Neem\Neem_009.jpg,Neem,224,224,1.0,8.6,174.7,205.6,163.2,181.2
data\raw\Neem\Neem_010.jpg,Neem,224,224,1.0,8.5,175.1,209.4,168.6,184.4
data\raw\Neem\Neem_011.jpg,Neem,224,224,1.0,8.6,183.0,215.1,165.9,188.0
data\raw\Neem\Neem_012.jpg,Neem,224,224,1.0,6.9,185.5,208.6,173.7,189.3
data\raw\Neem\Neem_013.jpg,Neem,224,224,1.0,8.6,170.3,206.6,171.4,182.8
data\raw\Neem\Neem_014.jpg,Neem,224,224,1.0,6.7,181.0,215.1,178.0,191.4
data\raw\Neem\Neem_015.jpg,Neem,224,224,1.0,8.4,178.5,208.2,170.1,185.6
data\raw\Neem\Neem_016.jpg,Neem,224,224,1.0,7.5,180.5,218.4,170.8,189.9
data\raw\Neem\Neem_017.jpg,Neem,224,224,1.0,6.9,181.4,203.2,172.4,185.7
data\raw\Neem\Neem_018.jpg,Neem,224,224,1.0,6.8,183.6,219.2,172.4,191.7
data\raw\Neem\Neem_019.jpg,Neem,224,224,1.0,7.3,169.3,208.4,159.6,179.1
data\raw\Neem\Neem_020.jpg,Neem,224,224,1.0,8.7,181.2,215.5,166.1,187.6
data\raw\Neem\Neem_021.jpg,Neem,224,224,1.0,6.6,183.6,210.7,176.5,190.3
data\raw\Neem\Neem_022.jpg,Neem,224,224,1.0,8.6,184.9,208.7,166.0,186.5
data\raw\Neem\Neem_023.jpg,Neem,224,224,1.0,6.9,178.4,218.5,171.5,189.5
data\raw\Neem\Neem_024.jpg,Neem,224,224,1.0,6.0,174.7,208.1,166.9,183.2
data\raw\Neem\Neem_025.jpg,Neem,224,224,1.0,8.2,179.0,211.9,170.0,187.0
data\raw\Neem\Neem_026.jpg,Neem,224,224,1.0,7.9,175.7,206.8,159.7,180.7
data\raw\Neem\Neem_027.jpg,Neem,224,224,1.0,8.2,176.3,211.7,164.1,184.0
data\raw\Neem\Neem_028.jpg,Neem,224,224,1.0,8.1,169.1,209.6,170.2,183.0
data\raw\Neem\Neem_029.jpg,Neem,224,224,1.0,7.9,177.0,201.9,165.6,181.5
data\raw\Neem\Neem_030.jpg,Neem,224,224,1.0,8.0,181.5,219.2,175.1,192.0
data\raw\Neem\Neem_031.jpg,Neem,224,224,1.0,6.7,180.7,208.7,175.7,188.3
data\raw\Neem\Neem_032.jpg,Neem,224,224,1.0,6.5,177.1,208.4,170.0,185.2
data\raw\Neem\Neem_033.jpg,Neem,224,224,1.0,8.6,178.4,218.9,174.5,190.6
data\raw\Neem\Neem_034.jpg,Neem,224,224,1.0,8.3,172.5,206.7,175.1,184.8
data\raw\Neem\Neem_035.jpg,Neem,224,224,1.0,8.4,181.4,208.5,180.2,190.0
data\raw\Neem\Neem_036.jpg,Neem,224,224,1.0,8.2,170.4,202.4,159.7,177.5
data\raw\Neem\Neem_037.jpg,Neem,224,224,1.0,6.6,163.6,204.4,167.8,178.6
data\raw\Neem\Neem_038.jpg,Neem,224,224,1.0,8.5,170.9,205.1,170.8,182.2
data\raw\Neem\Neem_039.jpg,Neem,224,224,1.0,7.5,182.0,211.6,176.6,190.1
data\raw\Neem\Neem_040.jpg,Neem,224,224,1.0,8.3,165.6,208.8,169.8,181.4
data\raw\Neem\Neem_041.jpg,Neem,224,224,1.0,8.9,172.7,212.1,173.7,186.2
data\raw\Neem\Neem_042.jpg,Neem,224,224,1.0,8.2,170.1,205.4,160.8,178.8
data\raw\Neem\Neem_043.jpg,Neem,224,224,1.0,8.5,171.2,203.8,158.0,177.6
data\raw\Neem\Neem_044.jpg,Neem,224,224,1.0,8.0,180.3,212.3,164.3,185.6
data\raw\Neem\Neem_045.jpg,Neem,224,224,1.0,7.9,179.5,211.7,165.9,185.7
data\raw\Neem\Neem_046.jpg,Neem,224,224,1.0,7.8,175.9,206.7,165.5,182.7
data\raw\Neem\Neem_047.jpg,Neem,224,224,1.0,8.6,174.8,203.1,170.8,182.9
data\raw\Neem\Neem_048.jpg,Neem,224,224,1.0,8.7,178.8,216.1,168.7,187.9
data\raw\Neem\Neem_049.jpg,Neem,224,224,1.0,8.4,173.1,204.7,171.2,183.0
data\raw\Neem\Neem_050.jpg,Neem,224,224,1.0,6.2,167.1,209.0,164.9,180.3
data\raw\Neem\Neem_051.jpg,Neem,224,224,1.0,7.9,173.4,206.0,169.8,183.1
data\raw\Neem\Neem_052.jpg,Neem,224,224,1.0,8.3,176.2,206.3,167.1,183.2
data\raw\Neem\Neem_053.jpg,Neem,224,224,1.0,8.3,171.3,207.4,168.1,182.3
data\raw\Neem\Neem_054.jpg,Neem,224,224,1.0,5.9,172.5,198.7,164.2,178.5
data\raw\Neem\Neem_055.jpg,Neem,224,224,1.0,8.4,183.6,211.2,174.0,189.6
data\raw\Neem\Neem_056.jpg,Neem,224,224,1.0,8.2,180.2,215.0,164.9,186.7
data\raw\Neem\Neem_057.jpg,Neem,224,224,1.0,8.7,174.5,214.2,163.5,184.1
data\raw\Neem\Neem_058.jpg,Neem,224,224,1.0,8.0,183.5,213.1,169.6,188.7
data\raw\Neem\Neem_059.jpg,Neem,224,224,1.0,6.6,182.3,205.4,175.5,187.8
data\raw\Tulsi_Basil\Tulsi_Basil_000.jpg,Tulsi_Basil,224,224,1.0,7.2,174.4,191.6,161.2,175.7
data\raw\Tulsi_Basil\Tulsi_Basil_001.jpg,Tulsi_Basil,224,224,1.0,7.9,168.1,185.6,157.0,170.2
data\raw\Tulsi_Basil\Tulsi_Basil_002.jpg,Tulsi_Basil,224,224,1.0,6.4,176.6,193.5,170.0,180.1
data\raw\Tulsi_Basil\Tulsi_Basil_003.jpg,Tulsi_Basil,224,224,1.0,8.0,162.1,184.3,155.4,167.3
data\raw\Tulsi_Basil\Tulsi_Basil_004.jpg,Tulsi_Basil,224,224,1.0,5.9,176.4,199.1,167.0,180.9
data\raw\Tulsi_Basil\Tulsi_Basil_005.jpg,Tulsi_Basil,224,224,1.0,8.4,174.7,194.3,160.8,176.6
data\raw\Tulsi_Basil\Tulsi_Basil_006.jpg,Tulsi_Basil,224,224,1.0,6.8,175.4,192.8,168.1,178.8
data\raw\Tulsi_Basil\Tulsi_Basil_007.jpg,Tulsi_Basil,224,224,1.0,7.9,170.9,190.1,165.1,175.4
data\raw\Tulsi_Basil\Tulsi_Basil_008.jpg,Tulsi_Basil,224,224,1.0,7.5,177.2,197.9,166.5,180.5
data\raw\Tulsi_Basil\Tulsi_Basil_009.jpg,Tulsi_Basil,224,224,1.0,8.2,174.3,199.5,166.1,180.0
data\raw\Tulsi_Basil\Tulsi_Basil_010.jpg,Tulsi_Basil,224,224,1.0,8.2,172.0,198.1,160.1,176.7
data\raw\Tulsi_Basil\Tulsi_Basil_011.jpg,Tulsi_Basil,224,224,1.0,7.3,163.4,190.2,155.0,169.5
data\raw\Tulsi_Basil\Tulsi_Basil_012.jpg,Tulsi_Basil,224,224,1.0,6.5,165.0,190.9,155.2,170.4
data\raw\Tulsi_Basil\Tulsi_Basil_013.jpg,Tulsi_Basil,224,224,1.0,6.2,169.7,194.7,161.0,175.1
data\raw\Tulsi_Basil\Tulsi_Basil_014.jpg,Tulsi_Basil,224,224,1.0,5.9,170.6,192.3,161.9,174.9
data\raw\Tulsi_Basil\Tulsi_Basil_015.jpg,Tulsi_Basil,224,224,1.0,7.9,177.2,190.7,170.6,179.5
data\raw\Tulsi_Basil\Tulsi_Basil_016.jpg,Tulsi_Basil,224,224,1.0,8.0,175.6,193.4,161.4,176.8
data\raw\Tulsi_Basil\Tulsi_Basil_017.jpg,Tulsi_Basil,224,224,1.0,7.7,178.0,194.2,165.8,179.3
data\raw\Tulsi_Basil\Tulsi_Basil_018.jpg,Tulsi_Basil,224,224,1.0,7.8,168.5,191.1,161.2,173.6
data\raw\Tulsi_Basil\Tulsi_Basil_019.jpg,Tulsi_Basil,224,224,1.0,8.0,167.5,191.3,154.5,171.1
data\raw\Tulsi_Basil\Tulsi_Basil_020.jpg,Tulsi_Basil,224,224,1.0,8.3,162.1,190.7,150.1,167.6
data\raw\Tulsi_Basil\Tulsi_Basil_021.jpg,Tulsi_Basil,224,224,1.0,7.8,177.9,193.0,166.1,179.0
data\raw\Tulsi_Basil\Tulsi_Basil_022.jpg,Tulsi_Basil,224,224,1.0,8.6,170.5,200.8,167.4,179.6
data\raw\Tulsi_Basil\Tulsi_Basil_023.jpg,Tulsi_Basil,224,224,1.0,6.5,172.0,192.1,159.3,174.4
data\raw\Tulsi_Basil\Tulsi_Basil_024.jpg,Tulsi_Basil,224,224,1.0,6.3,168.6,186.2,155.4,170.1
data\raw\Tulsi_Basil\Tulsi_Basil_025.jpg,Tulsi_Basil,224,224,1.0,8.4,180.3,204.5,167.5,184.1
data\raw\Tulsi_Basil\Tulsi_Basil_026.jpg,Tulsi_Basil,224,224,1.0,6.5,171.7,201.1,160.6,177.8
data\raw\Tulsi_Basil\Tulsi_Basil_027.jpg,Tulsi_Basil,224,224,1.0,7.9,163.9,186.3,161.6,170.6
data\raw\Tulsi_Basil\Tulsi_Basil_028.jpg,Tulsi_Basil,224,224,1.0,6.5,177.8,202.8,162.2,180.9
data\raw\Tulsi_Basil\Tulsi_Basil_029.jpg,Tulsi_Basil,224,224,1.0,6.0,169.2,190.1,157.1,172.1
data\raw\Tulsi_Basil\Tulsi_Basil_030.jpg,Tulsi_Basil,224,224,1.0,8.5,167.3,194.7,155.9,172.6
data\raw\Tulsi_Basil\Tulsi_Basil_031.jpg,Tulsi_Basil,224,224,1.0,6.4,167.7,188.1,159.7,171.8
data\raw\Tulsi_Basil\Tulsi_Basil_032.jpg,Tulsi_Basil,224,224,1.0,7.3,166.9,189.3,158.1,171.4
data\raw\Tulsi_Basil\Tulsi_Basil_033.jpg,Tulsi_Basil,224,224,1.0,8.4,172.8,199.5,166.6,179.6
data\raw\Tulsi_Basil\Tulsi_Basil_034.jpg,Tulsi_Basil,224,224,1.0,7.9,167.3,191.5,166.9,175.2
data\raw\Tulsi_Basil\Tulsi_Basil_035.jpg,Tulsi_Basil,224,224,1.0,8.4,176.2,199.8,167.3,181.1
data\raw\Tulsi_Basil\Tulsi_Basil_036.jpg,Tulsi_Basil,224,224,1.0,6.2,172.8,195.4,164.9,177.7
data\raw\Tulsi_Basil\Tulsi_Basil_037.jpg,Tulsi_Basil,224,224,1.0,7.6,167.2,190.3,164.8,174.1
data\raw\Tulsi_Basil\Tulsi_Basil_038.jpg,Tulsi_Basil,224,224,1.0,7.1,164.7,183.4,150.5,166.2
data\raw\Tulsi_Basil\Tulsi_Basil_039.jpg,Tulsi_Basil,224,224,1.0,6.3,167.7,187.9,154.4,170.0
data\raw\Tulsi_Basil\Tulsi_Basil_040.jpg,Tulsi_Basil,224,224,1.0,7.8,159.6,189.6,156.3,168.5
data\raw\Tulsi_Basil\Tulsi_Basil_041.jpg,Tulsi_Basil,224,224,1.0,8.3,168.5,200.4,161.5,176.8
data\raw\Tulsi_Basil\Tulsi_Basil_042.jpg,Tulsi_Basil,224,224,1.0,8.1,171.7,192.8,165.3,176.6
data\raw\Tulsi_Basil\Tulsi_Basil_043.jpg,Tulsi_Basil,224,224,1.0,7.3,173.1,187.8,164.0,175.0
data\raw\Tulsi_Basil\Tulsi_Basil_044.jpg,Tulsi_Basil,224,224,1.0,7.8,168.4,193.4,161.9,174.6
data\raw\Tulsi_Basil\Tulsi_Basil_045.jpg,Tulsi_Basil,224,224,1.0,7.8,175.0,203.4,168.2,182.2
data\raw\Tulsi_Basil\Tulsi_Basil_046.jpg,Tulsi_Basil,224,224,1.0,7.5,174.7,194.9,167.1,178.9
data\raw\Tulsi_Basil\Tulsi_Basil_047.jpg,Tulsi_Basil,224,224,1.0,8.3,166.5,196.1,158.8,173.8
data\raw\Tulsi_Basil\Tulsi_Basil_048.jpg,Tulsi_Basil,224,224,1.0,8.1,167.0,190.2,157.1,171.4
data\raw\Tulsi_Basil\Tulsi_Basil_049.jpg,Tulsi_Basil,224,224,1.0,6.6,173.5,194.7,159.7,176.0
data\raw\Tulsi_Basil\Tulsi_Basil_050.jpg,Tulsi_Basil,224,224,1.0,8.2,169.2,201.0,164.5,178.2
data\raw\Tulsi_Basil\Tulsi_Basil_051.jpg,Tulsi_Basil,224,224,1.0,6.2,174.2,195.4,161.5,177.0
data\raw\Tulsi_Basil\Tulsi_Basil_052.jpg,Tulsi_Basil,224,224,1.0,6.4,168.3,197.3,163.2,176.3
data\raw\Tulsi_Basil\Tulsi_Basil_053.jpg,Tulsi_Basil,224,224,1.0,7.9,171.4,189.0,162.7,174.4
data\raw\Tulsi_Basil\Tulsi_Basil_054.jpg,Tulsi_Basil,224,224,1.0,7.7,175.0,202.0,171.2,182.7
data\raw\Tulsi_Basil\Tulsi_Basil_055.jpg,Tulsi_Basil,224,224,1.0,8.5,166.0,188.3,156.3,170.2
data\raw\Tulsi_Basil\Tulsi_Basil_056.jpg,Tulsi_Basil,224,224,1.0,8.1,170.1,194.2,161.6,175.3
data\raw\Tulsi_Basil\Tulsi_Basil_057.jpg,Tulsi_Basil,224,224,1.0,8.1,168.2,187.7,155.8,170.5
data\raw\Tulsi_Basil\Tulsi_Basil_058.jpg,Tulsi_Basil,224,224,1.0,7.9,179.1,200.1,171.9,183.7
data\raw\Tulsi_Basil\Tulsi_Basil_059.jpg,Tulsi_Basil,224,224,1.0,6.3,177.5,197.7,163.4,179.6
